Customer_ID,Age,Gender,City,Product_Category,Purchase_Amount,Quantity,Discount_Percentage,Payment_Method,Purchase_Date,Delivery_Time_Days,Customer_Rating,Return_Status,Membership_Status,Customer_Satisfaction_Score,Total_Spent,Last_Login_Days_Ago,Preferred_Device,Customer_Tenure_Months,Referral_Source
1,56,Male,Bangalore,Sports,1514.56,6,22.86,Credit Card,2024-10-10,11,3.3,No,Platinum,10,12873.85,23,Mobile,60,Friend
2,46,Male,Delhi,Sports,634.64,6,28.4,Cash,2024-12-18,8,1.9,No,Gold,2,12613.13,21,Tablet,97,Instagram
3,32,Other,Mumbai,Grocery,3287.51,1,10.19,Cash,2024-06-30,11,4.6,No,Gold,1,2854.56,43,Desktop,111,Google
4,60,Other,Bangalore,Furniture,3849.44,3,15.52,Debit Card,2024-02-06,5,4.1,Yes,Gold,2,19550.83,44,Tablet,6,Google
5,25,Male,Mumbai,Grocery,4635.81,5,11.37,Cash,2024-05-16,7,3.8,Yes,Silver,7,4145.16,25,Desktop,108,Advertisement
6,38,Other,Bangalore,Sports,2247.04,3,0.2,UPI,2024-12-03,8,3.5,Yes,None,10,9182.84,12,Desktop,104,Advertisement
7,56,Male,Kolkata,Clothing,4516.74,3,11.58,UPI,2024-02-25,9,4.5,No,Gold,1,10018.29,0,Tablet,109,Friend
8,36,Male,Chennai,Electronics,4401.67,3,23.75,Debit Card,2024-07-05,3,1.9,No,None,6,16354.72,23,Tablet,19,Google
9,40,Female,Kolkata,Furniture,1654.26,5,17.88,Cash,2024-12-06,3,4.5,Yes,None,7,2434.98,9,Desktop,96,Friend
10,28,Other,Mumbai,Furniture,4357.61,5,3.04,Cash,2024-09-14,4,4.2,No,None,9,8858.56,34,Mobile,27,Instagram
11,28,Male,Chennai,Grocery,1940.79,4,25.41,Debit Card,2024-02-27,5,4.0,No,Silver,8,12755.79,23,Tablet,1,Facebook
12,41,Male,Bangalore,Furniture,1554.66,1,15.93,Credit Card,2024-12-28,10,3.2,No,Silver,6,4695.53,27,Desktop,107,Google
13,53,Other,Chennai,Sports,3280.47,5,25.25,Cash,2024-05-02,1,2.0,Yes,Platinum,3,12735.62,35,Desktop,116,Instagram
14,57,Female,Delhi,Sports,1709.07,5,17.41,Credit Card,2024-07-06,7,2.7,No,Platinum,8,18511.46,15,Mobile,33,Google
15,41,Female,Chennai,Grocery,3188.02,4,16.79,Cash,2024-08-17,9,4.2,Yes,None,7,19951.6,39,Mobile,40,Advertisement
16,20,Male,Delhi,Sports,3088.18,6,3.16,Cash,2024-06-16,8,1.1,Yes,Platinum,3,1132.8,15,Mobile,32,Friend
17,39,Other,Chennai,Clothing,2860.85,4,5.02,Cash,2024-04-23,5,4.1,Yes,None,9,5093.97,58,Tablet,69,Advertisement
18,19,Female,Delhi,Grocery,1964.06,7,29.16,Cash,2024-09-08,14,2.0,Yes,Silver,2,6550.99,16,Desktop,17,Facebook
19,41,Other,Mumbai,Clothing,2787.65,7,6.85,UPI,2024-04-16,14,1.6,Yes,Silver,3,8282.96,50,Desktop,8,Advertisement
20,61,Other,Kolkata,Electronics,3022.78,2,29.32,Credit Card,2024-02-06,4,1.5,No,Silver,2,5224.01,53,Desktop,57,Google
21,47,Male,Bangalore,Clothing,2773.87,3,15.96,Credit Card,2024-11-30,12,1.1,Yes,Gold,1,4468.02,14,Mobile,42,Advertisement
22,55,Female,Chennai,Electronics,2277.66,1,4.07,Cash,2024-04-01,7,3.1,Yes,None,4,19113.8,15,Desktop,98,Google
23,19,Male,Kolkata,Electronics,171.87,8,2.98,Cash,2024-01-18,5,1.9,Yes,Silver,5,18411.17,14,Tablet,9,Facebook
24,38,Female,Bangalore,Clothing,2976.6,9,6.27,Credit Card,2024-12-19,7,5.0,No,None,6,1416.35,56,Mobile,87,Advertisement
25,50,Female,Bangalore,Grocery,925.38,4,27.77,UPI,2024-03-03,12,3.3,No,Platinum,5,7106.85,33,Mobile,35,Friend
26,29,Female,Delhi,Sports,3248.62,6,12.42,Debit Card,2024-05-29,1,1.6,No,Platinum,1,8400.4,10,Mobile,114,Friend
27,39,Female,Mumbai,Sports,3820.79,9,11.86,Debit Card,2024-05-18,1,3.8,No,Silver,3,5160.78,0,Mobile,71,Friend
28,61,Female,Mumbai,Electronics,2552.18,6,9.4,Credit Card,2024-07-04,10,4.6,Yes,None,1,12763.02,14,Tablet,79,Advertisement
29,42,Other,Kolkata,Electronics,2757.58,9,4.41,Cash,2024-07-03,14,4.0,Yes,Silver,5,12987.42,25,Desktop,53,Advertisement
30,44,Male,Mumbai,Grocery,4762.24,4,14.64,Cash,2024-07-23,13,1.3,No,Platinum,5,17084.83,50,Tablet,54,Advertisement
31,59,Other,Chennai,Furniture,4251.12,8,3.9,UPI,2024-09-16,3,4.6,No,Silver,6,14946.95,3,Desktop,84,Google
32,45,Female,Mumbai,Clothing,4579.76,9,25.06,Debit Card,2024-08-01,14,4.2,No,None,8,11080.18,42,Tablet,114,Facebook
33,33,Male,Kolkata,Electronics,4087.45,4,11.11,UPI,2024-09-12,11,1.6,No,Platinum,10,13244.94,4,Mobile,25,Friend
34,32,Female,Mumbai,Sports,633.7,5,11.24,Debit Card,2024-05-14,2,1.2,Yes,Gold,1,5842.78,34,Mobile,67,Google
35,64,Male,Chennai,Grocery,830.06,8,14.22,Credit Card,2024-03-01,2,3.2,No,Platinum,4,12064.6,12,Tablet,62,Friend
36,61,Other,Delhi,Clothing,2680.46,6,13.32,Debit Card,2024-12-28,7,1.6,No,Gold,10,10039.93,9,Tablet,55,Google
37,20,Male,Kolkata,Grocery,1305.74,7,29.85,UPI,2024-11-05,12,4.3,No,Silver,1,3100.22,10,Desktop,46,Advertisement
38,54,Male,Delhi,Clothing,2435.81,3,16.36,UPI,2024-03-28,10,2.4,No,Silver,9,5229.61,17,Tablet,24,Friend
39,24,Male,Delhi,Clothing,2032.39,7,2.65,UPI,2024-11-19,2,4.7,No,None,7,6188.02,33,Tablet,98,Advertisement
40,38,Male,Delhi,Electronics,2792.13,8,18.21,Credit Card,2024-07-25,11,3.3,No,Gold,7,18524.04,38,Desktop,46,Friend
41,26,Male,Bangalore,Grocery,3759.69,6,4.55,Debit Card,2024-05-08,4,1.7,No,Silver,5,4992.54,40,Desktop,22,Instagram
42,56,Female,Bangalore,Grocery,3605.91,9,0.93,Debit Card,2024-11-06,2,1.6,Yes,Gold,7,6140.26,41,Desktop,11,Google
43,35,Male,Delhi,Sports,2654.05,6,29.12,UPI,2024-01-03,6,3.3,Yes,Silver,2,7702.41,49,Tablet,48,Instagram
44,21,Male,Kolkata,Sports,4129.73,9,23.21,Debit Card,2024-08-29,8,4.0,Yes,Platinum,4,13442.98,22,Desktop,8,Google
45,42,Other,Chennai,Electronics,2211.22,4,29.4,Cash,2024-04-30,10,4.1,Yes,Silver,7,2805.65,6,Mobile,39,Facebook
46,31,Male,Chennai,Electronics,4493.9,8,14.34,Cash,2024-04-11,4,2.1,Yes,None,3,19101.93,58,Mobile,107,Friend
47,26,Other,Mumbai,Furniture,449.27,4,15.97,Cash,2024-02-07,5,1.8,Yes,Platinum,2,17378.64,38,Mobile,35,Facebook
48,43,Female,Kolkata,Sports,4777.83,2,5.05,Debit Card,2024-12-06,4,1.1,No,None,10,11755.71,2,Tablet,49,Facebook
49,19,Male,Bangalore,Clothing,3308.0,9,7.41,Credit Card,2024-05-12,3,3.7,No,Platinum,2,13643.74,11,Mobile,46,Google
50,37,Other,Delhi,Grocery,1962.37,5,25.16,Credit Card,2024-07-20,5,1.3,Yes,Gold,1,824.88,6,Tablet,38,Instagram
51,45,Other,Mumbai,Electronics,1066.06,4,10.69,Credit Card,2024-12-13,14,2.7,No,None,5,7109.42,48,Tablet,8,Advertisement
52,64,Female,Chennai,Grocery,2448.0,2,24.8,Credit Card,2024-01-21,9,3.4,Yes,Silver,6,16015.37,25,Mobile,54,Google
53,24,Male,Bangalore,Grocery,1053.34,1,21.27,Cash,2024-08-29,8,4.7,No,Gold,6,2010.92,32,Desktop,37,Advertisement
54,61,Male,Bangalore,Furniture,915.02,7,5.32,Cash,2024-04-18,8,2.2,No,Silver,9,6005.12,36,Tablet,91,Facebook
55,25,Other,Delhi,Sports,3125.02,6,15.22,UPI,2024-10-29,8,2.0,No,Platinum,4,11913.29,47,Mobile,92,Advertisement
56,64,Male,Chennai,Electronics,2663.12,2,20.32,Debit Card,2024-03-24,12,3.6,No,Platinum,1,5500.05,14,Tablet,40,Instagram
57,52,Other,Kolkata,Grocery,3383.47,8,7.05,Debit Card,2024-03-23,8,3.5,No,Silver,6,18712.57,1,Desktop,34,Google
58,31,Male,Bangalore,Electronics,4655.07,4,24.92,Credit Card,2024-10-17,7,2.3,No,Silver,5,3055.64,40,Desktop,96,Instagram
59,34,Other,Delhi,Clothing,2708.08,8,16.34,Cash,2024-03-09,8,4.7,Yes,Gold,10,16049.19,6,Mobile,79,Instagram
60,53,Male,Kolkata,Furniture,2946.57,7,4.96,Credit Card,2024-05-08,11,4.4,Yes,Silver,6,10405.0,31,Tablet,108,Google
61,57,Female,Chennai,Clothing,539.17,5,17.49,UPI,2024-07-14,14,1.9,No,None,3,15131.45,3,Tablet,17,Instagram
62,21,Male,Bangalore,Electronics,3616.42,8,29.99,Debit Card,2024-05-19,8,2.0,Yes,None,2,6558.95,19,Tablet,33,Friend
63,19,Male,Kolkata,Electronics,2059.54,9,4.52,Debit Card,2024-10-09,13,3.0,No,Silver,6,10532.55,49,Tablet,47,Friend
64,23,Female,Kolkata,Sports,4885.95,5,24.5,Credit Card,2024-11-07,14,4.1,Yes,None,1,17208.29,52,Mobile,110,Friend
65,59,Male,Kolkata,Grocery,4133.55,5,6.22,UPI,2024-08-21,8,1.2,No,Silver,7,9604.12,35,Desktop,52,Advertisement
66,21,Female,Bangalore,Grocery,2660.16,2,23.47,Debit Card,2024-01-23,12,3.8,Yes,Gold,7,7514.54,31,Mobile,118,Instagram
67,46,Male,Bangalore,Clothing,703.79,5,22.04,UPI,2024-06-01,10,3.6,No,None,10,10955.03,27,Tablet,80,Google
68,35,Other,Mumbai,Furniture,4311.14,3,9.01,UPI,2024-10-03,7,1.9,Yes,None,7,14488.57,12,Tablet,93,Google
69,43,Other,Chennai,Grocery,4018.93,7,9.77,Credit Card,2024-03-01,12,3.7,No,Silver,10,9149.49,0,Desktop,9,Advertisement
70,61,Male,Delhi,Sports,1004.47,5,23.78,Cash,2024-11-14,1,4.8,Yes,None,1,18808.1,59,Tablet,33,Google
71,51,Male,Kolkata,Clothing,1546.86,8,13.84,Credit Card,2024-02-21,4,1.2,No,Platinum,4,6251.44,55,Mobile,60,Friend
72,27,Male,Mumbai,Clothing,3987.7,1,21.92,Cash,2024-12-09,13,2.3,No,Gold,7,9771.54,34,Mobile,113,Instagram
73,53,Other,Delhi,Sports,1007.62,3,4.44,UPI,2024-06-01,13,2.8,No,Gold,9,15260.09,47,Desktop,93,Google
74,31,Male,Mumbai,Furniture,4596.99,3,25.58,Cash,2024-08-24,4,4.6,Yes,None,5,13937.86,29,Mobile,77,Google
75,48,Other,Bangalore,Sports,2180.18,9,21.33,UPI,2024-11-06,5,4.8,Yes,None,2,17341.0,53,Mobile,21,Facebook
76,32,Female,Kolkata,Furniture,526.49,5,27.21,Debit Card,2024-10-28,10,2.8,Yes,Platinum,7,19937.78,35,Mobile,58,Facebook
77,25,Other,Delhi,Sports,4097.17,9,3.97,Debit Card,2024-02-01,6,4.0,No,Platinum,10,8823.74,56,Mobile,85,Facebook
78,31,Other,Delhi,Sports,1930.2,9,17.79,Debit Card,2024-02-24,4,3.1,Yes,None,1,2667.44,54,Tablet,69,Instagram
79,40,Female,Delhi,Electronics,2679.85,1,17.97,Credit Card,2024-12-17,2,3.2,No,None,7,1093.11,24,Mobile,10,Friend
80,57,Other,Delhi,Clothing,650.29,2,10.6,Credit Card,2024-02-05,6,2.1,Yes,Platinum,6,14674.1,15,Desktop,6,Friend
81,38,Male,Delhi,Sports,112.66,5,13.75,UPI,2024-04-19,8,1.9,Yes,Silver,7,17543.27,57,Desktop,115,Friend
82,33,Male,Mumbai,Sports,3226.13,4,1.14,Debit Card,2024-06-25,8,2.2,Yes,Platinum,10,4803.9,18,Mobile,13,Instagram
83,62,Other,Kolkata,Grocery,2624.36,9,22.38,Credit Card,2024-12-27,7,3.2,Yes,Silver,3,3589.74,0,Desktop,65,Instagram
84,35,Male,Bangalore,Clothing,3008.34,7,16.48,Debit Card,2024-11-09,6,1.1,No,Gold,3,1713.0,4,Mobile,20,Facebook
85,64,Other,Bangalore,Grocery,3989.34,6,1.73,Credit Card,2024-10-21,2,4.6,Yes,Gold,7,16542.71,50,Desktop,57,Google
86,41,Male,Bangalore,Clothing,3268.37,7,20.42,Cash,2024-12-01,7,1.6,Yes,Platinum,2,6571.95,21,Desktop,111,Advertisement
87,43,Male,Bangalore,Grocery,956.39,1,14.0,Cash,2024-04-06,11,1.9,No,Silver,1,8333.09,23,Mobile,46,Advertisement
88,42,Other,Mumbai,Sports,1867.79,1,1.03,Debit Card,2024-07-31,12,3.1,No,Platinum,9,10303.63,42,Mobile,8,Google
89,62,Male,Chennai,Sports,4538.87,8,29.09,UPI,2024-11-12,14,3.8,Yes,Platinum,9,16869.34,44,Tablet,10,Facebook
90,58,Other,Kolkata,Electronics,3872.73,2,28.47,Credit Card,2024-05-16,14,1.4,Yes,Silver,7,13191.25,51,Mobile,73,Google
91,46,Male,Delhi,Grocery,2827.52,9,15.39,Credit Card,2024-01-06,5,2.3,No,Platinum,7,12493.76,36,Mobile,113,Google
92,32,Male,Chennai,Furniture,1352.66,7,2.81,Cash,2024-04-18,6,4.9,No,Gold,3,3925.61,52,Tablet,105,Advertisement
93,62,Female,Bangalore,Electronics,1580.1,6,22.64,Cash,2024-02-04,10,2.0,No,None,10,10507.2,35,Mobile,67,Facebook
94,18,Female,Chennai,Grocery,3686.59,1,14.76,UPI,2024-02-08,8,2.3,Yes,None,2,14449.93,35,Mobile,11,Instagram
95,42,Other,Kolkata,Grocery,4270.75,1,9.07,UPI,2024-05-29,14,4.3,Yes,Platinum,7,19478.59,3,Tablet,12,Advertisement
96,24,Female,Delhi,Electronics,3389.98,2,14.74,UPI,2024-04-27,8,1.2,Yes,Silver,9,4427.42,35,Mobile,10,Instagram
97,26,Other,Delhi,Sports,4066.7,6,15.67,Debit Card,2024-09-17,3,2.9,No,Silver,1,686.1,51,Mobile,25,Facebook
98,41,Female,Kolkata,Grocery,3856.62,6,16.88,Cash,2024-03-27,12,2.5,No,Gold,4,1968.38,52,Tablet,49,Google
99,18,Male,Kolkata,Sports,833.55,2,13.24,Debit Card,2024-03-16,12,2.3,No,Silver,6,7829.12,17,Tablet,49,Friend
100,61,Other,Bangalore,Electronics,2177.33,1,18.17,Cash,2024-11-08,14,2.1,Yes,Silver,7,16500.62,49,Desktop,89,Friend
101,25,Other,Delhi,Sports,849.62,5,27.56,Cash,2024-08-01,7,1.4,No,Gold,10,639.27,15,Mobile,11,Facebook
102,41,Male,Chennai,Clothing,1252.65,5,10.87,Credit Card,2024-10-11,1,2.3,Yes,Platinum,7,9406.25,40,Desktop,62,Friend
103,28,Other,Mumbai,Furniture,4359.37,2,21.77,Cash,2024-08-26,1,1.2,No,None,10,6920.0,17,Desktop,118,Instagram
104,34,Other,Mumbai,Grocery,2417.17,6,26.83,Cash,2024-06-13,7,4.1,Yes,Gold,2,1523.39,21,Tablet,36,Friend
105,25,Female,Kolkata,Furniture,2723.25,9,13.68,Debit Card,2024-03-27,10,2.6,Yes,Platinum,4,9279.61,1,Mobile,39,Facebook
106,52,Other,Bangalore,Sports,974.39,2,13.3,Cash,2024-05-20,9,2.8,No,Gold,5,5467.6,20,Mobile,53,Facebook
107,52,Male,Mumbai,Grocery,1630.13,2,18.06,Debit Card,2024-06-08,7,4.6,Yes,Platinum,1,7361.75,35,Tablet,90,Instagram
108,50,Female,Delhi,Sports,1228.21,3,17.74,UPI,2024-02-15,10,3.6,No,Gold,1,14259.5,43,Desktop,78,Friend
109,22,Female,Kolkata,Clothing,1110.31,7,24.2,Cash,2024-04-21,5,1.0,Yes,Platinum,10,10670.24,38,Tablet,103,Friend
110,59,Male,Chennai,Electronics,3226.01,6,14.29,Cash,2024-02-14,8,4.8,No,Gold,3,2930.62,46,Mobile,56,Google
111,56,Male,Kolkata,Grocery,1358.73,8,29.88,Debit Card,2024-09-03,2,1.9,No,Platinum,10,19247.58,38,Tablet,104,Advertisement
112,58,Female,Chennai,Clothing,3196.88,8,1.78,UPI,2024-04-13,9,1.4,Yes,Gold,3,12900.26,28,Mobile,1,Facebook
113,45,Other,Kolkata,Clothing,386.43,6,0.1,Credit Card,2024-03-25,6,4.1,No,None,8,15434.43,53,Desktop,56,Google
114,24,Female,Kolkata,Grocery,794.69,3,19.21,UPI,2024-05-13,13,3.0,Yes,None,9,2044.66,25,Mobile,118,Facebook
115,26,Male,Kolkata,Sports,1445.25,3,8.95,Debit Card,2024-04-17,9,2.7,No,Silver,1,1417.64,20,Desktop,4,Google
116,25,Female,Chennai,Clothing,3025.53,1,7.21,UPI,2024-01-18,2,2.0,No,Platinum,2,879.24,16,Desktop,30,Advertisement
117,29,Male,Chennai,Furniture,3411.62,7,9.36,Debit Card,2024-04-03,3,3.2,No,Gold,10,4181.48,15,Mobile,12,Google
118,51,Female,Kolkata,Clothing,2269.31,5,7.68,Debit Card,2024-05-29,12,2.1,No,Platinum,2,8580.96,59,Mobile,35,Facebook
119,50,Other,Mumbai,Sports,2284.38,4,0.92,Credit Card,2024-09-02,8,4.6,Yes,None,4,18748.61,30,Desktop,77,Friend
120,40,Female,Bangalore,Sports,3650.13,4,29.15,Cash,2024-10-15,1,1.9,No,Platinum,2,9412.66,50,Tablet,52,Facebook
121,41,Female,Bangalore,Furniture,177.52,4,6.62,Debit Card,2024-07-27,10,4.5,No,Gold,7,6159.97,8,Mobile,31,Instagram
122,54,Male,Bangalore,Clothing,1771.34,6,22.02,Debit Card,2024-05-05,7,3.2,Yes,Platinum,9,11457.74,30,Desktop,102,Instagram
123,52,Male,Chennai,Sports,4111.66,8,22.88,Credit Card,2024-08-22,7,4.3,Yes,Gold,7,2682.72,13,Desktop,107,Instagram
124,61,Male,Chennai,Grocery,3055.78,8,27.88,Debit Card,2024-05-01,13,3.9,Yes,None,6,12385.36,48,Tablet,87,Instagram
125,57,Female,Mumbai,Electronics,1752.41,5,0.92,Cash,2024-05-17,1,3.8,Yes,None,10,11584.42,36,Mobile,68,Advertisement
126,39,Other,Bangalore,Electronics,4537.07,6,26.16,Credit Card,2024-04-24,9,2.3,Yes,None,1,15943.86,1,Desktop,52,Friend
127,44,Male,Bangalore,Electronics,3885.85,4,15.82,Cash,2024-06-10,8,1.9,Yes,Silver,10,19740.41,51,Tablet,80,Friend
128,52,Male,Kolkata,Clothing,1397.99,9,18.98,Cash,2024-07-19,4,1.8,No,None,9,5392.03,47,Desktop,7,Facebook
129,18,Female,Chennai,Furniture,3261.92,8,19.33,Credit Card,2024-08-21,10,4.4,Yes,Platinum,5,10438.3,45,Mobile,22,Google
130,52,Male,Bangalore,Sports,3019.18,1,24.59,Debit Card,2024-01-28,11,4.3,No,Silver,5,18222.88,13,Tablet,93,Facebook
131,54,Other,Mumbai,Grocery,2065.82,2,10.0,Cash,2024-01-11,5,2.8,Yes,None,6,15811.2,58,Desktop,75,Facebook
132,64,Other,Mumbai,Grocery,1898.08,9,21.99,Cash,2024-07-24,2,1.5,No,Platinum,9,10004.42,32,Tablet,56,Facebook
133,31,Male,Bangalore,Clothing,1783.45,8,15.86,Cash,2024-06-15,13,2.5,No,Platinum,8,18934.75,34,Mobile,97,Facebook
134,20,Male,Chennai,Electronics,3124.06,3,23.8,Cash,2024-09-03,9,3.5,No,Platinum,8,1616.12,57,Tablet,58,Friend
135,18,Female,Mumbai,Clothing,2267.81,8,29.72,Credit Card,2024-02-16,12,2.8,Yes,Gold,8,18654.47,38,Mobile,93,Google
136,22,Other,Kolkata,Furniture,4176.13,1,6.02,Credit Card,2024-09-02,12,4.1,Yes,Silver,1,1484.89,57,Desktop,64,Facebook
137,43,Other,Mumbai,Furniture,3381.05,4,29.84,UPI,2024-05-06,6,5.0,Yes,Platinum,1,11172.44,46,Mobile,103,Friend
138,31,Male,Delhi,Sports,442.66,3,2.69,UPI,2024-05-26,3,1.8,Yes,Gold,8,17863.6,50,Desktop,12,Facebook
139,56,Female,Delhi,Sports,3236.82,6,0.07,Cash,2024-04-27,12,2.8,No,None,5,5623.06,19,Desktop,7,Instagram
140,44,Other,Chennai,Furniture,1428.62,7,1.32,Debit Card,2024-05-31,7,2.7,Yes,Platinum,9,9708.85,1,Mobile,55,Facebook
141,26,Other,Bangalore,Furniture,3004.78,4,10.25,Cash,2024-03-12,9,2.2,No,Gold,2,6824.41,50,Desktop,103,Facebook
142,32,Female,Chennai,Furniture,3432.65,7,18.99,Debit Card,2024-12-28,3,1.8,No,Platinum,9,19066.81,40,Tablet,106,Advertisement
143,32,Female,Chennai,Clothing,1231.06,9,2.07,Cash,2024-05-16,2,1.3,Yes,Silver,8,16561.09,18,Desktop,62,Instagram
144,43,Other,Chennai,Furniture,2338.61,2,0.17,UPI,2024-06-23,7,4.5,Yes,Silver,9,14325.53,58,Mobile,112,Google
145,59,Other,Chennai,Grocery,1032.59,3,28.11,UPI,2024-10-15,7,2.7,Yes,None,4,11958.73,36,Tablet,90,Facebook
146,30,Female,Kolkata,Electronics,356.46,5,24.66,Debit Card,2024-01-19,4,3.0,No,Platinum,1,16501.54,17,Tablet,104,Google
147,49,Other,Kolkata,Furniture,1954.53,3,24.28,Cash,2024-07-13,11,4.7,Yes,Gold,1,8149.21,15,Desktop,73,Instagram
148,56,Male,Mumbai,Electronics,1878.43,8,26.53,Debit Card,2024-11-25,9,4.1,No,None,5,9227.26,3,Desktop,105,Facebook
149,49,Male,Delhi,Clothing,4977.85,8,21.0,UPI,2024-06-23,14,1.5,Yes,Platinum,2,14735.03,11,Mobile,98,Advertisement
150,21,Female,Chennai,Electronics,2287.13,8,3.13,Cash,2024-12-19,8,3.3,No,None,8,7476.22,28,Tablet,109,Friend
151,47,Female,Mumbai,Clothing,1734.49,9,11.97,Cash,2024-05-20,13,2.8,Yes,Gold,10,1746.07,6,Mobile,77,Advertisement
152,54,Female,Delhi,Grocery,2944.33,4,21.69,Debit Card,2024-09-02,13,4.2,Yes,None,5,1949.52,13,Desktop,55,Advertisement
153,40,Male,Bangalore,Clothing,534.96,5,8.41,Credit Card,2024-04-02,1,3.9,No,None,5,2749.57,54,Tablet,119,Friend
154,56,Other,Kolkata,Clothing,4812.16,5,20.62,Debit Card,2024-08-26,1,3.8,Yes,None,2,17458.79,11,Mobile,36,Friend
155,62,Male,Delhi,Sports,3211.3,8,0.73,UPI,2024-07-23,5,2.4,Yes,Platinum,7,9708.42,34,Mobile,89,Friend
156,32,Other,Bangalore,Furniture,3798.71,7,9.18,UPI,2024-02-17,6,4.2,Yes,Gold,8,14401.21,4,Mobile,24,Facebook
157,60,Male,Delhi,Furniture,935.34,9,16.47,UPI,2024-09-01,3,1.2,Yes,Silver,10,8161.73,16,Mobile,44,Google
158,46,Other,Kolkata,Grocery,2106.44,8,18.96,UPI,2024-11-15,13,1.6,Yes,Platinum,1,5544.86,57,Mobile,17,Google
159,53,Male,Kolkata,Grocery,2171.18,2,17.31,UPI,2024-11-12,9,2.3,Yes,Silver,2,7270.25,41,Tablet,2,Friend
160,30,Female,Mumbai,Furniture,4126.85,4,20.93,Credit Card,2024-10-21,12,1.3,Yes,Silver,10,15986.56,31,Mobile,13,Advertisement
161,49,Male,Chennai,Sports,106.06,6,0.18,Cash,2024-05-07,10,1.9,No,Platinum,4,12691.71,9,Tablet,31,Instagram
162,24,Other,Delhi,Furniture,1574.18,2,3.03,Debit Card,2024-12-09,14,4.3,No,Platinum,5,18783.98,42,Mobile,93,Friend
163,39,Male,Delhi,Sports,4908.06,7,26.07,Debit Card,2024-10-08,6,4.8,Yes,Gold,2,13754.24,16,Desktop,114,Advertisement
164,45,Male,Bangalore,Grocery,2426.94,3,20.45,UPI,2024-01-17,4,2.2,Yes,Gold,1,11618.54,4,Desktop,28,Advertisement
165,19,Male,Kolkata,Electronics,1974.38,3,3.39,Debit Card,2024-03-11,12,2.1,Yes,None,9,12398.82,44,Mobile,60,Facebook
166,59,Female,Delhi,Grocery,687.16,2,25.26,UPI,2024-09-25,7,2.1,No,Silver,1,18876.24,41,Desktop,27,Facebook
167,62,Male,Kolkata,Grocery,4873.41,8,7.27,Credit Card,2024-11-20,8,2.1,No,Gold,4,15869.92,8,Tablet,15,Google
168,23,Female,Delhi,Clothing,198.13,6,14.35,Credit Card,2024-10-08,9,1.1,Yes,None,2,968.8,48,Mobile,95,Google
169,45,Female,Mumbai,Clothing,3712.18,1,4.36,Cash,2024-10-31,13,4.7,No,Gold,4,10915.72,32,Tablet,104,Instagram
170,45,Male,Chennai,Clothing,3866.14,1,21.3,Credit Card,2024-01-07,11,1.9,Yes,Platinum,8,13922.6,35,Mobile,79,Instagram
171,61,Male,Delhi,Clothing,1293.92,7,20.01,Credit Card,2024-11-09,6,2.7,Yes,Gold,8,15099.62,35,Desktop,33,Instagram
172,61,Male,Kolkata,Sports,3390.64,8,6.33,Cash,2024-10-31,6,1.0,Yes,Silver,9,4656.27,17,Tablet,20,Instagram
173,37,Other,Mumbai,Furniture,555.35,5,25.9,Debit Card,2024-04-12,8,4.4,Yes,Gold,5,17409.96,8,Desktop,42,Advertisement
174,47,Male,Delhi,Electronics,1359.53,5,12.04,UPI,2024-11-04,12,3.9,No,Silver,7,19138.94,56,Desktop,12,Advertisement
175,28,Female,Bangalore,Grocery,3960.72,4,8.78,UPI,2024-07-11,5,4.8,No,Platinum,3,5115.95,28,Mobile,101,Google
176,45,Male,Chennai,Sports,4336.96,6,4.57,Debit Card,2024-08-28,14,4.1,Yes,Silver,10,17711.0,49,Tablet,73,Facebook
177,42,Other,Delhi,Electronics,3081.58,6,7.99,Cash,2024-03-02,3,2.3,No,Gold,4,2391.09,13,Desktop,23,Facebook
178,56,Male,Mumbai,Sports,2583.51,3,0.66,Debit Card,2024-01-17,12,2.0,No,None,10,1586.28,24,Mobile,72,Friend
179,50,Other,Bangalore,Sports,880.59,9,17.5,Credit Card,2024-06-19,3,3.8,Yes,Platinum,9,3019.86,14,Mobile,96,Advertisement
180,18,Other,Mumbai,Grocery,409.23,7,25.27,Cash,2024-01-25,13,2.5,No,Gold,10,1625.95,5,Mobile,112,Instagram
181,44,Male,Mumbai,Furniture,676.48,1,16.47,Cash,2024-09-07,6,3.3,Yes,Platinum,10,16977.74,55,Desktop,14,Instagram
182,30,Female,Bangalore,Clothing,1214.05,7,6.58,Cash,2024-09-09,2,1.0,Yes,Platinum,1,1651.48,41,Mobile,91,Friend
183,58,Other,Mumbai,Furniture,1774.21,5,1.01,UPI,2024-07-25,6,1.2,Yes,Gold,2,5797.45,28,Tablet,25,Facebook
184,20,Male,Bangalore,Grocery,1966.46,5,6.44,Debit Card,2024-01-29,13,3.1,Yes,Gold,5,2523.25,14,Tablet,77,Instagram
185,56,Male,Delhi,Grocery,1796.98,2,12.48,Cash,2024-04-26,6,3.3,No,None,3,6260.73,28,Desktop,119,Facebook
186,23,Female,Bangalore,Grocery,1271.37,4,22.79,Cash,2024-10-08,8,4.0,Yes,Platinum,2,2265.91,3,Tablet,85,Friend
187,25,Other,Bangalore,Electronics,2597.65,6,5.64,Cash,2024-05-23,7,1.5,No,Platinum,1,13526.06,17,Mobile,109,Facebook
188,44,Other,Chennai,Furniture,4143.9,7,21.59,Debit Card,2024-01-25,8,3.1,Yes,Gold,10,3099.87,49,Desktop,31,Facebook
189,26,Male,Bangalore,Furniture,1470.55,5,26.01,UPI,2024-11-05,14,1.8,Yes,Silver,3,17111.0,56,Mobile,101,Facebook
190,54,Male,Bangalore,Sports,4717.7,9,13.62,Credit Card,2024-06-04,9,1.4,No,Gold,1,16435.23,48,Desktop,112,Instagram
191,50,Female,Delhi,Sports,4379.35,3,24.64,UPI,2024-03-13,6,2.6,Yes,Platinum,1,766.4,43,Desktop,107,Google
192,59,Female,Chennai,Sports,892.64,1,16.64,Cash,2024-04-29,14,1.7,No,Gold,1,17966.66,38,Mobile,54,Advertisement
193,61,Other,Kolkata,Grocery,3952.75,4,19.11,UPI,2024-11-07,3,1.9,No,None,8,1064.41,15,Tablet,5,Facebook
194,41,Other,Delhi,Furniture,2915.48,9,15.79,UPI,2024-11-16,10,2.3,Yes,Silver,3,5173.09,10,Tablet,13,Facebook
195,32,Male,Delhi,Grocery,2876.22,4,13.9,Credit Card,2024-04-02,3,2.0,Yes,Gold,1,1131.59,13,Desktop,28,Facebook
196,49,Other,Kolkata,Electronics,2016.11,2,7.04,Debit Card,2024-03-26,11,1.4,Yes,None,7,7048.95,2,Mobile,43,Google
197,49,Female,Bangalore,Sports,2555.65,5,9.1,Debit Card,2024-12-01,12,1.4,Yes,Platinum,10,10520.4,50,Mobile,89,Friend
198,41,Female,Mumbai,Grocery,2046.18,3,8.7,UPI,2024-12-29,1,1.8,Yes,Gold,3,16034.57,49,Desktop,115,Instagram
199,58,Male,Chennai,Grocery,2744.69,9,16.9,UPI,2024-04-27,11,1.2,Yes,Platinum,8,7090.64,41,Tablet,99,Google
200,29,Female,Mumbai,Electronics,3176.96,4,3.6,Debit Card,2024-08-20,13,3.5,No,None,4,14257.06,37,Mobile,47,Facebook
201,56,Female,Kolkata,Clothing,3404.09,6,27.5,Debit Card,2024-07-17,5,2.1,No,Platinum,4,4156.34,44,Tablet,103,Google
202,19,Female,Delhi,Furniture,2709.16,2,21.62,Credit Card,2024-07-24,14,2.1,Yes,None,5,15136.67,41,Tablet,71,Google
203,20,Female,Delhi,Clothing,3634.97,6,12.04,Cash,2024-12-04,4,2.3,No,None,6,5101.93,17,Desktop,38,Google
204,54,Male,Chennai,Sports,792.26,3,4.76,UPI,2024-05-26,9,3.7,No,None,7,3299.12,57,Desktop,96,Friend
205,34,Male,Delhi,Grocery,1138.71,9,26.46,Debit Card,2024-09-27,9,4.5,Yes,Gold,4,4115.47,19,Tablet,67,Advertisement
206,19,Other,Delhi,Electronics,4111.8,2,24.71,UPI,2024-05-18,14,4.0,Yes,Platinum,8,4050.23,57,Mobile,62,Instagram
207,19,Female,Chennai,Electronics,1680.39,9,21.65,UPI,2024-06-29,5,3.9,No,Platinum,6,10500.83,47,Mobile,109,Friend
208,45,Other,Chennai,Furniture,212.18,5,8.15,Debit Card,2024-01-30,10,2.9,Yes,Silver,1,16973.55,24,Desktop,39,Friend
209,40,Male,Kolkata,Clothing,853.58,8,12.07,Credit Card,2024-02-26,4,3.8,No,Silver,1,2052.3,56,Tablet,37,Advertisement
210,54,Male,Delhi,Furniture,1195.71,2,3.08,UPI,2024-08-19,7,3.2,Yes,Silver,9,14285.65,37,Mobile,119,Friend
211,49,Male,Delhi,Grocery,4790.88,6,5.67,Credit Card,2024-05-25,6,1.9,No,Silver,10,13259.76,12,Mobile,114,Google
212,50,Male,Kolkata,Furniture,2907.9,3,23.49,Debit Card,2024-02-17,4,1.8,No,Platinum,6,17514.14,3,Desktop,86,Google
213,18,Male,Bangalore,Electronics,4670.38,5,21.45,Cash,2024-07-12,13,2.2,No,None,10,5260.88,54,Tablet,8,Facebook
214,36,Male,Bangalore,Electronics,2918.3,8,17.8,Cash,2024-08-11,13,4.6,No,None,8,9277.14,13,Mobile,81,Friend
215,19,Male,Bangalore,Sports,2448.84,1,26.87,UPI,2024-05-15,10,3.2,Yes,Gold,7,18553.63,32,Desktop,52,Facebook
216,61,Female,Kolkata,Sports,1637.27,5,17.5,Debit Card,2024-01-22,2,3.9,Yes,None,6,13369.87,27,Mobile,91,Instagram
217,43,Other,Delhi,Grocery,3071.22,3,14.01,Credit Card,2024-01-06,1,2.4,No,Platinum,4,8080.98,51,Mobile,33,Google
218,49,Male,Kolkata,Clothing,782.07,4,10.21,UPI,2024-07-22,4,2.6,No,Platinum,7,3062.54,36,Mobile,110,Instagram
219,23,Female,Kolkata,Furniture,4501.48,2,28.21,Debit Card,2024-08-26,4,1.5,Yes,Platinum,9,5618.46,7,Desktop,81,Advertisement
220,49,Female,Bangalore,Grocery,4163.73,9,2.48,Debit Card,2024-07-03,13,1.7,Yes,Gold,10,11833.7,43,Tablet,42,Google
221,21,Other,Mumbai,Sports,1655.9,3,27.93,Credit Card,2024-12-25,1,4.3,No,Silver,10,14504.27,33,Desktop,76,Instagram
222,28,Male,Delhi,Furniture,4768.71,2,24.8,UPI,2024-10-18,6,3.3,No,None,7,2926.23,43,Tablet,112,Advertisement
223,34,Other,Bangalore,Sports,4143.48,9,3.9,Debit Card,2024-11-30,4,2.4,No,Platinum,1,12192.15,4,Mobile,110,Instagram
224,55,Male,Mumbai,Furniture,3364.9,7,16.95,Debit Card,2024-08-07,1,4.2,No,Platinum,10,11231.85,53,Tablet,27,Advertisement
225,41,Female,Mumbai,Clothing,696.63,6,26.0,Debit Card,2024-04-25,1,2.0,No,Silver,9,10522.13,4,Mobile,112,Advertisement
226,22,Female,Chennai,Grocery,2443.35,1,17.15,Credit Card,2024-11-08,13,4.9,Yes,Platinum,4,13957.4,30,Mobile,8,Google
227,51,Female,Delhi,Furniture,2579.93,5,27.22,UPI,2024-02-18,1,2.4,No,None,3,16830.27,44,Desktop,23,Facebook
228,23,Female,Mumbai,Electronics,1239.5,3,28.29,UPI,2024-06-21,8,2.3,Yes,Gold,4,6798.3,8,Mobile,106,Advertisement
229,39,Other,Bangalore,Electronics,491.83,1,12.67,UPI,2024-03-22,10,2.2,Yes,Platinum,4,17835.74,41,Desktop,113,Advertisement
230,28,Male,Chennai,Furniture,3905.95,4,11.32,UPI,2024-11-17,8,1.5,Yes,None,10,3632.36,31,Tablet,64,Google
231,33,Male,Delhi,Furniture,697.97,2,28.09,Cash,2024-11-28,2,1.4,No,Platinum,2,3873.97,32,Tablet,93,Facebook
232,50,Other,Kolkata,Furniture,3012.02,2,20.25,Cash,2024-02-14,11,3.6,Yes,Silver,1,5702.06,2,Mobile,114,Friend
233,26,Male,Bangalore,Electronics,4688.6,3,3.48,UPI,2024-11-30,13,4.5,Yes,Platinum,10,2830.85,29,Desktop,20,Friend
234,23,Female,Mumbai,Electronics,4392.92,8,1.27,Credit Card,2024-01-20,7,4.2,Yes,Platinum,1,4991.22,49,Mobile,16,Facebook
235,33,Male,Mumbai,Furniture,1460.99,8,16.94,Cash,2024-08-08,14,1.6,Yes,Gold,8,2575.03,11,Desktop,17,Instagram
236,46,Female,Bangalore,Sports,4272.1,7,27.91,Debit Card,2024-05-02,8,3.2,No,Silver,2,16524.17,28,Desktop,80,Google
237,20,Other,Mumbai,Sports,101.63,6,25.33,Cash,2024-08-21,8,1.4,No,Silver,10,3209.9,2,Desktop,19,Facebook
238,37,Male,Chennai,Clothing,186.67,9,20.28,Debit Card,2024-08-08,11,1.2,Yes,Gold,5,15072.3,25,Tablet,8,Friend
239,53,Other,Delhi,Grocery,3052.51,4,4.17,UPI,2024-11-18,10,3.6,Yes,Platinum,4,1434.32,56,Desktop,38,Advertisement
240,36,Male,Chennai,Sports,1887.51,1,7.63,Cash,2024-12-04,11,3.1,No,None,8,18996.15,29,Tablet,38,Friend
241,43,Female,Mumbai,Electronics,1993.66,8,26.27,Credit Card,2024-01-03,13,1.3,No,Silver,2,14367.62,8,Desktop,53,Advertisement
242,20,Other,Kolkata,Sports,2865.76,7,5.48,Cash,2024-06-30,7,1.1,No,Silver,10,632.53,25,Tablet,93,Google
243,36,Male,Delhi,Clothing,1039.73,7,8.35,Cash,2024-07-24,5,5.0,Yes,Platinum,9,15395.2,1,Tablet,105,Advertisement
244,37,Female,Delhi,Clothing,1137.6,3,3.89,Cash,2024-11-15,1,1.1,No,Platinum,7,10524.6,2,Tablet,100,Facebook
245,49,Other,Bangalore,Grocery,2474.55,4,20.28,UPI,2024-02-09,12,2.8,Yes,Silver,7,15697.62,45,Mobile,90,Advertisement
246,24,Other,Bangalore,Sports,3795.84,9,28.32,Credit Card,2024-02-28,9,3.0,Yes,Platinum,1,10688.69,3,Desktop,31,Instagram
247,58,Male,Kolkata,Electronics,3135.54,6,8.07,Cash,2024-03-02,13,1.5,No,None,2,12999.98,24,Mobile,44,Facebook
248,50,Male,Delhi,Electronics,1557.04,5,14.26,Credit Card,2024-05-11,7,1.7,Yes,Silver,4,15833.47,50,Desktop,60,Google
249,57,Male,Kolkata,Furniture,2208.65,3,19.03,UPI,2024-02-29,2,2.4,No,None,4,8399.61,12,Desktop,76,Facebook
250,56,Female,Bangalore,Electronics,936.26,9,29.98,Debit Card,2024-11-26,6,4.0,Yes,None,3,552.81,38,Mobile,119,Instagram
251,35,Male,Bangalore,Grocery,465.69,5,3.14,Cash,2024-05-01,2,3.0,No,Platinum,7,17073.96,43,Tablet,17,Google
252,57,Other,Delhi,Grocery,3935.21,5,14.96,Credit Card,2024-04-16,1,3.6,Yes,None,8,7927.36,34,Desktop,79,Friend
253,18,Other,Chennai,Electronics,1400.4,4,11.55,Credit Card,2024-04-05,14,4.9,Yes,Platinum,2,10172.83,54,Tablet,73,Instagram
254,28,Male,Mumbai,Electronics,971.06,4,25.97,UPI,2024-12-12,7,4.1,No,Gold,4,651.45,22,Mobile,39,Google
255,45,Male,Bangalore,Furniture,3488.93,1,14.28,Cash,2024-08-22,13,2.7,No,Platinum,3,10095.79,8,Tablet,42,Advertisement
256,42,Other,Bangalore,Electronics,3128.45,7,3.33,Debit Card,2024-03-02,2,2.8,No,None,2,19736.5,1,Desktop,48,Facebook
257,40,Female,Chennai,Furniture,3202.63,9,19.03,Credit Card,2024-09-12,13,3.5,No,Gold,6,5926.22,53,Desktop,12,Google
258,48,Male,Chennai,Furniture,1221.58,3,23.12,Cash,2024-02-18,14,3.7,Yes,Platinum,4,8210.66,40,Desktop,96,Facebook
259,47,Male,Kolkata,Electronics,1239.96,2,0.09,Debit Card,2024-12-13,14,3.0,No,None,6,13900.2,43,Mobile,89,Advertisement
260,59,Other,Kolkata,Clothing,1181.93,3,25.77,Credit Card,2024-06-07,2,3.6,No,Silver,2,16388.48,30,Desktop,103,Google
261,52,Male,Mumbai,Clothing,951.39,1,5.58,Credit Card,2024-05-03,13,1.1,Yes,Silver,4,8639.14,43,Mobile,18,Friend
262,24,Female,Mumbai,Furniture,3313.05,6,16.56,Debit Card,2024-11-12,11,2.7,No,Platinum,6,6538.54,46,Tablet,79,Instagram
263,33,Other,Delhi,Electronics,4255.28,7,12.47,Debit Card,2024-07-25,5,2.1,No,Platinum,5,18787.6,1,Desktop,96,Google
264,43,Male,Kolkata,Clothing,3649.16,2,21.59,UPI,2024-02-17,14,1.5,Yes,Silver,3,13704.33,31,Desktop,6,Advertisement
265,19,Other,Bangalore,Electronics,3981.26,8,11.13,Cash,2024-05-15,5,1.4,No,None,8,2820.92,17,Desktop,108,Google
266,18,Male,Kolkata,Electronics,2083.51,6,26.09,Cash,2024-07-19,7,3.4,No,None,7,1844.09,12,Tablet,43,Facebook
267,29,Male,Bangalore,Electronics,3304.97,4,21.91,UPI,2024-09-06,1,3.1,No,None,3,9929.22,45,Desktop,116,Google
268,22,Male,Chennai,Sports,1835.76,5,19.43,Credit Card,2024-11-09,8,2.0,No,Platinum,6,4791.76,4,Mobile,35,Friend
269,54,Female,Kolkata,Electronics,2674.97,8,23.89,Debit Card,2024-12-22,3,2.9,No,Gold,4,5452.7,57,Tablet,98,Google
270,49,Female,Chennai,Sports,2460.01,3,22.62,Debit Card,2024-11-13,4,3.0,No,Gold,5,17615.0,41,Tablet,102,Instagram
271,26,Other,Mumbai,Furniture,966.75,3,1.08,Debit Card,2024-10-21,9,1.8,Yes,Gold,5,2246.54,43,Tablet,54,Google
272,58,Male,Mumbai,Clothing,1996.69,4,11.84,Credit Card,2024-11-09,4,3.6,No,Gold,7,14449.6,9,Tablet,62,Facebook
273,52,Male,Delhi,Clothing,4822.73,1,27.92,Debit Card,2024-07-27,10,4.1,Yes,Gold,5,5787.27,55,Tablet,69,Google
274,36,Female,Kolkata,Clothing,1318.04,9,3.77,Debit Card,2024-12-20,12,4.2,Yes,Platinum,3,15326.4,42,Mobile,82,Friend
275,33,Male,Chennai,Clothing,755.64,8,22.11,UPI,2024-07-29,5,3.4,Yes,Platinum,10,14587.02,24,Tablet,16,Advertisement
276,20,Female,Bangalore,Clothing,2151.05,8,29.24,Credit Card,2024-07-10,7,3.0,Yes,Gold,5,644.14,33,Desktop,8,Google
277,37,Male,Mumbai,Clothing,3972.65,6,1.57,Cash,2024-02-13,4,1.2,No,Platinum,7,10428.14,36,Tablet,89,Google
278,41,Other,Mumbai,Clothing,2952.53,7,20.47,UPI,2024-01-29,14,2.2,No,Platinum,5,3216.73,29,Tablet,96,Instagram
279,50,Male,Bangalore,Furniture,3436.78,6,14.04,UPI,2024-02-28,1,1.4,No,Gold,5,17391.43,6,Tablet,90,Friend
280,41,Male,Chennai,Electronics,1029.5,9,17.38,Cash,2024-03-11,9,4.9,Yes,None,9,17495.92,5,Tablet,116,Advertisement
281,28,Female,Chennai,Grocery,3132.85,3,2.56,UPI,2024-04-01,4,1.5,No,Platinum,3,8657.74,53,Tablet,86,Facebook
282,25,Male,Kolkata,Sports,1685.15,3,1.29,Credit Card,2024-09-21,9,1.6,No,None,6,9165.71,54,Mobile,31,Google
283,53,Male,Kolkata,Grocery,4188.09,3,20.01,Debit Card,2024-08-07,6,4.6,No,Platinum,1,6414.02,2,Mobile,107,Advertisement
284,55,Female,Delhi,Grocery,3183.56,3,24.7,Credit Card,2024-08-02,1,4.8,Yes,Platinum,10,14473.82,12,Tablet,10,Facebook
285,57,Other,Mumbai,Electronics,1074.4,9,23.46,Cash,2024-10-03,12,4.1,Yes,Gold,5,7493.9,2,Mobile,56,Friend
286,37,Other,Kolkata,Electronics,416.62,4,16.31,Cash,2024-03-04,3,1.0,No,Platinum,8,5721.95,25,Desktop,76,Friend
287,52,Female,Chennai,Electronics,308.9,7,3.0,UPI,2024-12-11,11,1.0,Yes,Silver,5,8928.51,56,Tablet,117,Advertisement
288,42,Female,Bangalore,Clothing,1919.9,9,20.64,Credit Card,2024-10-18,2,2.5,Yes,Silver,9,2284.01,23,Desktop,92,Facebook
289,52,Female,Chennai,Furniture,1402.67,7,7.26,Credit Card,2024-09-01,9,1.6,No,Gold,6,15058.76,52,Desktop,70,Friend
290,42,Female,Mumbai,Clothing,3265.84,9,27.33,Cash,2024-03-02,12,1.1,Yes,None,8,745.63,5,Tablet,20,Advertisement
291,46,Female,Chennai,Furniture,2546.74,3,25.15,Credit Card,2024-11-27,1,2.9,Yes,None,10,13067.46,42,Desktop,5,Friend
292,35,Other,Delhi,Furniture,1403.49,4,21.28,Cash,2024-06-18,13,4.8,No,None,8,4065.86,59,Desktop,23,Friend
293,63,Other,Mumbai,Grocery,831.27,8,28.47,Credit Card,2024-09-25,14,2.3,Yes,Silver,3,5031.88,57,Desktop,9,Friend
294,35,Female,Bangalore,Grocery,723.28,6,0.94,Credit Card,2024-09-23,9,3.6,Yes,None,7,12894.82,48,Tablet,58,Instagram
295,19,Male,Delhi,Furniture,4336.84,5,22.09,Credit Card,2024-02-23,9,3.6,Yes,None,7,19862.4,41,Tablet,59,Facebook
296,52,Female,Mumbai,Furniture,1293.04,4,9.91,Cash,2024-01-16,8,2.0,Yes,Gold,10,15665.49,11,Desktop,93,Advertisement
297,33,Male,Bangalore,Clothing,3293.38,8,27.18,UPI,2024-01-08,8,3.6,Yes,None,6,4903.87,48,Tablet,80,Advertisement
298,58,Female,Delhi,Clothing,4072.36,1,8.0,Credit Card,2024-04-13,11,1.8,Yes,Silver,7,3932.48,35,Tablet,54,Facebook
299,53,Female,Delhi,Grocery,3109.0,9,21.75,Cash,2024-02-28,14,1.5,Yes,Silver,2,17391.54,1,Desktop,46,Facebook
300,50,Other,Mumbai,Electronics,4311.87,1,26.33,Cash,2024-11-08,12,3.8,Yes,Silver,9,9161.59,10,Tablet,22,Facebook
301,21,Male,Kolkata,Furniture,2022.73,8,1.25,Credit Card,2024-02-09,1,1.5,No,Gold,10,3172.53,38,Mobile,64,Facebook
302,50,Male,Delhi,Clothing,4785.49,4,11.93,Credit Card,2024-08-24,11,5.0,No,Gold,10,17313.12,33,Tablet,8,Google
303,31,Other,Delhi,Grocery,752.41,9,22.87,UPI,2024-04-03,8,1.7,No,Platinum,1,16413.8,25,Mobile,20,Advertisement
304,38,Other,Bangalore,Clothing,600.53,5,13.65,Cash,2024-08-09,10,3.4,No,None,1,19686.17,17,Desktop,51,Google
305,37,Other,Chennai,Furniture,3327.59,3,8.02,Cash,2024-07-22,14,2.6,Yes,Gold,3,18240.0,20,Tablet,78,Friend
306,25,Other,Mumbai,Furniture,4719.87,9,6.59,Debit Card,2024-05-17,3,1.5,No,Silver,3,17109.91,35,Desktop,39,Friend
307,24,Male,Mumbai,Sports,4063.53,9,3.95,Cash,2024-10-26,11,1.1,No,Silver,1,1525.2,39,Desktop,37,Advertisement
308,20,Male,Kolkata,Electronics,474.44,4,25.71,UPI,2024-07-25,7,3.5,Yes,Gold,7,2536.1,51,Desktop,50,Friend
309,34,Female,Kolkata,Sports,1468.9,4,17.26,Debit Card,2024-12-01,11,4.2,Yes,Gold,4,11595.17,45,Desktop,34,Facebook
310,50,Female,Mumbai,Grocery,4658.56,8,2.29,Debit Card,2024-03-21,1,4.4,Yes,Gold,10,10863.85,43,Desktop,75,Google
311,29,Other,Kolkata,Clothing,1339.99,2,11.48,Debit Card,2024-08-05,1,2.9,Yes,Platinum,2,9430.28,21,Tablet,118,Facebook
312,39,Other,Bangalore,Grocery,3927.74,9,11.03,Credit Card,2024-01-02,10,4.1,Yes,Silver,10,8237.39,52,Mobile,104,Friend
313,39,Other,Mumbai,Furniture,4143.15,6,5.45,Credit Card,2024-06-26,13,3.7,No,Platinum,5,8908.6,58,Tablet,33,Google
314,63,Female,Kolkata,Sports,2527.72,9,13.07,Cash,2024-12-11,5,3.9,Yes,Platinum,6,11601.31,29,Tablet,31,Facebook
315,47,Female,Mumbai,Sports,1993.11,8,9.96,Debit Card,2024-10-05,5,3.0,No,None,9,540.49,49,Tablet,54,Advertisement
316,55,Female,Chennai,Sports,2305.61,7,10.25,UPI,2024-05-25,8,3.5,No,Silver,4,5583.82,42,Tablet,44,Facebook
317,55,Female,Delhi,Grocery,1212.13,1,22.17,Credit Card,2024-11-13,7,4.2,Yes,Silver,2,10606.45,59,Mobile,34,Friend
318,62,Female,Mumbai,Furniture,4458.02,3,6.7,UPI,2024-08-11,8,2.6,No,Gold,5,14583.21,29,Tablet,114,Google
319,25,Female,Delhi,Clothing,2308.04,2,19.26,UPI,2024-03-02,6,4.2,No,Gold,3,3896.06,7,Desktop,71,Advertisement
320,44,Female,Kolkata,Clothing,4424.05,5,17.12,Credit Card,2024-10-20,6,3.4,Yes,None,2,11164.18,33,Tablet,113,Google
321,44,Other,Delhi,Grocery,617.9,5,17.04,Credit Card,2024-08-26,2,1.7,No,Platinum,1,14431.96,56,Tablet,118,Advertisement
322,51,Other,Mumbai,Sports,4942.55,5,19.89,Credit Card,2024-07-13,6,1.1,No,Gold,10,9170.24,46,Mobile,62,Google
323,38,Other,Chennai,Electronics,2272.04,4,16.45,Credit Card,2024-06-14,5,2.5,No,Gold,2,1028.08,8,Mobile,23,Friend
324,47,Other,Kolkata,Grocery,334.37,5,26.38,Debit Card,2024-08-09,13,3.2,Yes,Silver,6,9260.73,50,Desktop,46,Advertisement
325,50,Female,Mumbai,Grocery,286.31,3,20.27,Debit Card,2024-03-01,3,4.4,Yes,Silver,8,6280.68,19,Tablet,56,Instagram
326,45,Male,Kolkata,Furniture,3756.42,1,16.41,Debit Card,2024-05-08,6,1.5,Yes,Gold,3,18628.17,39,Tablet,7,Google
327,64,Female,Bangalore,Clothing,3329.27,5,24.89,Debit Card,2024-06-21,8,4.2,No,Silver,9,2929.96,24,Tablet,118,Google
328,50,Male,Delhi,Grocery,4030.44,9,18.18,Cash,2024-06-04,9,4.5,Yes,None,9,13223.28,18,Desktop,89,Facebook
329,22,Other,Bangalore,Grocery,616.3,9,8.73,Debit Card,2024-04-19,1,1.6,No,Gold,2,1528.04,4,Mobile,61,Advertisement
330,36,Female,Mumbai,Sports,274.3,4,6.21,Credit Card,2024-09-25,3,4.4,Yes,Silver,8,9200.32,10,Desktop,3,Instagram
331,21,Other,Chennai,Sports,2592.04,3,4.57,UPI,2024-12-21,3,5.0,No,None,10,11302.6,14,Tablet,38,Friend
332,52,Female,Kolkata,Electronics,1999.22,1,26.98,Debit Card,2024-10-04,11,3.9,Yes,Silver,5,6310.12,7,Mobile,84,Facebook
333,34,Other,Delhi,Furniture,2363.54,2,21.3,Cash,2024-03-14,8,4.1,Yes,Silver,4,9373.97,18,Mobile,34,Instagram
334,61,Male,Kolkata,Electronics,4958.78,8,28.12,Credit Card,2024-07-25,1,5.0,No,Silver,10,3689.3,22,Desktop,113,Advertisement
335,45,Male,Mumbai,Sports,4856.67,1,18.1,UPI,2024-10-05,5,3.4,Yes,Gold,5,6430.42,26,Mobile,44,Instagram
336,47,Male,Kolkata,Clothing,4717.35,8,14.2,UPI,2024-11-21,3,2.2,No,Platinum,4,12611.57,39,Mobile,108,Google
337,46,Female,Delhi,Sports,3940.83,7,1.79,Debit Card,2024-12-05,2,4.4,Yes,Silver,8,6385.1,31,Tablet,30,Google
338,63,Male,Mumbai,Furniture,1838.72,8,20.15,UPI,2024-12-22,8,3.5,Yes,None,4,18044.99,25,Tablet,17,Facebook
339,23,Female,Kolkata,Sports,2119.44,6,17.47,Debit Card,2024-12-05,3,3.3,No,Gold,10,12753.94,26,Mobile,59,Advertisement
340,52,Male,Chennai,Furniture,2793.12,9,29.71,Debit Card,2024-07-22,7,2.0,No,Gold,6,9053.66,18,Mobile,10,Advertisement
341,58,Male,Mumbai,Furniture,4169.62,3,7.17,Credit Card,2024-06-09,12,4.0,No,None,2,1255.76,49,Desktop,99,Instagram
342,54,Female,Mumbai,Furniture,436.69,4,15.92,Credit Card,2024-01-28,11,1.3,Yes,Silver,5,10241.19,41,Desktop,84,Facebook
343,41,Female,Chennai,Furniture,2179.05,6,19.53,Cash,2024-09-13,1,4.7,No,Platinum,6,15413.14,28,Mobile,18,Advertisement
344,46,Male,Bangalore,Furniture,504.83,8,19.34,Credit Card,2024-06-13,6,2.3,Yes,Silver,5,5678.37,38,Tablet,45,Google
345,63,Female,Delhi,Clothing,2621.82,5,16.84,Credit Card,2024-03-03,3,1.5,No,None,2,16232.08,59,Mobile,108,Instagram
346,48,Male,Bangalore,Electronics,4504.61,3,23.31,Debit Card,2024-01-22,8,2.8,No,Gold,7,5410.23,40,Mobile,91,Friend
347,52,Female,Kolkata,Grocery,3934.18,6,6.15,Credit Card,2024-03-10,6,1.2,No,Platinum,4,16563.05,32,Tablet,59,Google
348,50,Other,Chennai,Electronics,1216.43,4,21.77,Debit Card,2024-04-05,12,3.7,No,Gold,8,2162.73,18,Tablet,62,Facebook
349,38,Other,Bangalore,Furniture,4882.36,9,18.59,Debit Card,2024-06-11,2,4.6,No,None,7,17390.58,36,Desktop,59,Advertisement
350,49,Other,Mumbai,Clothing,3370.02,3,26.88,Credit Card,2024-03-19,6,4.3,No,Silver,7,10234.14,18,Desktop,49,Google
351,40,Other,Kolkata,Sports,151.1,4,25.42,Cash,2024-01-05,7,1.5,Yes,Platinum,9,6282.48,32,Desktop,100,Friend
352,50,Other,Kolkata,Clothing,1351.53,7,9.45,Cash,2024-11-11,5,1.5,No,Gold,1,5669.71,46,Desktop,63,Friend
353,20,Male,Bangalore,Furniture,1377.5,7,8.29,UPI,2024-04-29,3,4.3,Yes,Gold,10,8924.21,15,Tablet,87,Facebook
354,35,Other,Bangalore,Clothing,439.35,4,29.45,UPI,2024-10-28,4,4.7,No,Gold,6,19981.47,22,Mobile,32,Google
355,42,Other,Chennai,Clothing,4803.15,6,15.82,Credit Card,2024-06-26,4,2.8,No,Silver,6,4796.38,6,Desktop,10,Instagram
356,59,Other,Delhi,Furniture,2443.45,3,27.19,Cash,2024-06-24,6,3.0,No,Platinum,6,2512.72,25,Desktop,11,Google
357,48,Other,Bangalore,Clothing,4489.49,6,4.92,Debit Card,2024-08-04,10,2.3,Yes,Silver,6,11908.19,31,Tablet,102,Friend
358,20,Female,Bangalore,Grocery,1678.86,2,19.28,UPI,2024-02-25,1,4.6,Yes,Silver,10,10026.58,11,Tablet,70,Facebook
359,57,Male,Mumbai,Grocery,713.64,8,24.3,Debit Card,2024-07-05,11,3.6,No,Silver,7,10721.83,7,Mobile,105,Facebook
360,63,Other,Kolkata,Clothing,2424.25,2,28.42,UPI,2024-08-19,4,2.2,Yes,None,10,13505.24,4,Mobile,62,Instagram
361,41,Other,Delhi,Sports,658.39,7,10.12,Credit Card,2024-09-11,10,2.2,No,None,6,5709.31,41,Tablet,47,Facebook
362,49,Other,Mumbai,Furniture,2481.48,9,21.75,Cash,2024-04-13,13,4.6,No,None,1,18257.97,27,Desktop,34,Facebook
363,64,Male,Chennai,Grocery,4609.46,1,16.16,UPI,2024-03-17,4,1.1,Yes,Platinum,3,8995.61,52,Desktop,100,Facebook
364,39,Female,Chennai,Sports,2651.76,8,1.82,Cash,2024-08-17,10,2.3,Yes,Silver,2,3017.18,4,Desktop,101,Facebook
365,40,Male,Bangalore,Clothing,3120.85,7,20.7,Debit Card,2024-09-14,1,3.2,Yes,Silver,6,14974.83,48,Mobile,17,Facebook
366,19,Female,Bangalore,Sports,867.53,6,20.7,Credit Card,2024-09-20,9,1.6,Yes,None,8,13040.53,25,Desktop,104,Friend
367,44,Other,Chennai,Electronics,314.3,6,27.92,Cash,2024-11-26,4,1.4,No,Silver,3,6657.0,4,Desktop,104,Google
368,59,Other,Bangalore,Grocery,642.96,6,14.92,Credit Card,2024-06-30,7,4.3,Yes,Silver,10,12619.62,21,Tablet,54,Advertisement
369,19,Male,Delhi,Clothing,3032.8,9,6.91,Cash,2024-09-12,12,4.6,Yes,Gold,8,4787.31,14,Desktop,76,Facebook
370,43,Male,Bangalore,Furniture,565.56,2,1.34,Debit Card,2024-02-07,14,4.3,No,Silver,8,9174.37,12,Tablet,85,Advertisement
371,34,Female,Kolkata,Clothing,1942.37,1,12.47,Debit Card,2024-06-24,3,4.6,Yes,Gold,5,18038.54,27,Desktop,40,Advertisement
372,57,Female,Bangalore,Furniture,2795.45,6,9.06,Credit Card,2024-01-27,10,3.2,Yes,Silver,8,3103.92,32,Mobile,19,Friend
373,50,Male,Mumbai,Clothing,2004.4,8,22.83,Debit Card,2024-10-02,12,4.2,Yes,Platinum,6,8040.58,42,Desktop,67,Facebook
374,26,Female,Delhi,Sports,902.05,3,10.63,UPI,2024-05-19,3,2.5,Yes,None,5,16512.28,22,Desktop,82,Advertisement
375,60,Male,Mumbai,Sports,1441.58,1,28.47,Cash,2024-10-25,14,3.7,No,Gold,9,19405.07,32,Tablet,53,Facebook
376,56,Female,Mumbai,Sports,4648.76,9,28.87,Debit Card,2024-10-13,8,5.0,No,None,7,9351.56,42,Tablet,115,Instagram
377,46,Male,Kolkata,Electronics,3412.31,1,18.63,UPI,2024-03-31,8,1.9,Yes,Gold,8,10386.49,17,Tablet,64,Instagram
378,59,Male,Delhi,Furniture,2530.63,3,27.86,Credit Card,2024-03-01,11,2.6,Yes,Gold,1,11657.35,49,Desktop,83,Instagram
379,43,Male,Delhi,Sports,162.3,8,22.83,UPI,2024-12-30,12,2.9,No,Gold,2,18680.79,52,Desktop,47,Advertisement
380,52,Female,Delhi,Electronics,4962.84,3,16.41,Credit Card,2024-12-12,1,1.6,Yes,Platinum,8,17235.03,29,Mobile,6,Instagram
381,42,Female,Delhi,Furniture,3390.13,4,5.41,Credit Card,2024-06-11,10,1.3,Yes,Silver,9,3826.72,25,Desktop,16,Friend
382,41,Female,Delhi,Clothing,1652.92,8,13.76,Cash,2024-12-16,2,4.3,Yes,Gold,4,9016.78,15,Mobile,72,Friend
383,30,Male,Kolkata,Electronics,4408.42,1,16.83,Cash,2024-05-22,8,4.9,Yes,Platinum,10,9548.01,12,Tablet,112,Advertisement
384,24,Female,Bangalore,Grocery,1366.31,6,25.92,UPI,2024-09-09,1,2.6,Yes,Gold,10,15887.37,38,Tablet,18,Facebook
385,53,Female,Mumbai,Electronics,2765.68,1,14.44,Cash,2024-09-25,12,1.4,Yes,Silver,9,12256.41,32,Tablet,52,Google
386,62,Male,Delhi,Electronics,3216.75,1,26.93,Cash,2024-10-17,8,1.3,Yes,Gold,4,13257.3,25,Mobile,48,Facebook
387,37,Other,Bangalore,Furniture,1183.21,8,20.23,Cash,2024-07-05,8,4.6,Yes,Platinum,10,19964.9,47,Desktop,43,Facebook
388,18,Male,Bangalore,Clothing,4894.15,4,4.11,UPI,2024-10-30,2,2.9,Yes,Silver,10,1961.72,0,Tablet,39,Facebook
389,25,Female,Mumbai,Grocery,3766.14,1,29.85,Debit Card,2024-10-17,4,2.3,No,Platinum,10,4848.69,48,Desktop,49,Facebook
390,63,Male,Kolkata,Sports,2833.28,7,15.82,Cash,2024-03-26,6,2.9,No,Silver,9,8453.97,37,Desktop,113,Google
391,33,Other,Chennai,Sports,984.91,5,11.76,Cash,2024-06-14,12,2.3,No,Silver,7,7281.76,1,Tablet,12,Instagram
392,31,Male,Chennai,Electronics,363.91,5,19.77,UPI,2024-04-23,11,3.0,Yes,None,2,922.09,48,Mobile,109,Facebook
393,29,Female,Bangalore,Furniture,1668.29,1,3.27,Debit Card,2024-12-21,9,4.4,Yes,None,9,2289.66,5,Desktop,10,Friend
394,40,Other,Mumbai,Furniture,3790.62,6,19.1,Cash,2024-07-01,8,3.4,No,None,4,13778.59,45,Tablet,71,Advertisement
395,32,Female,Chennai,Sports,1419.72,9,14.95,Credit Card,2024-07-25,12,3.8,Yes,Silver,8,17646.83,49,Desktop,110,Advertisement
396,45,Other,Bangalore,Grocery,2743.83,9,12.2,UPI,2024-09-12,8,2.5,No,Gold,7,10527.43,37,Desktop,55,Friend
397,51,Other,Kolkata,Clothing,3666.94,8,28.59,Cash,2024-08-22,7,4.0,Yes,Platinum,7,11014.23,41,Desktop,1,Facebook
398,19,Male,Chennai,Grocery,628.92,5,15.68,Cash,2024-12-20,14,3.7,No,Platinum,8,5474.32,23,Desktop,49,Google
399,49,Male,Bangalore,Clothing,3457.96,1,6.57,Credit Card,2024-01-03,13,1.5,No,Platinum,1,15473.59,17,Desktop,36,Instagram
400,40,Female,Bangalore,Sports,550.17,9,13.77,Credit Card,2024-07-26,9,3.3,No,None,5,15159.99,26,Mobile,21,Advertisement
401,39,Male,Delhi,Clothing,4829.14,1,27.58,UPI,2024-07-15,2,2.0,Yes,Silver,2,11973.13,40,Mobile,37,Instagram
402,42,Male,Kolkata,Furniture,2493.13,8,5.28,UPI,2024-12-06,3,4.2,No,None,2,4646.95,7,Tablet,116,Google
403,39,Other,Delhi,Electronics,838.31,5,6.42,Credit Card,2024-05-04,10,2.7,Yes,Gold,1,2391.86,27,Mobile,24,Advertisement
404,39,Male,Mumbai,Electronics,1777.68,3,0.39,UPI,2024-05-17,8,5.0,Yes,Silver,5,1752.65,9,Mobile,55,Instagram
405,59,Other,Delhi,Sports,2125.74,7,0.43,Credit Card,2024-12-04,14,1.4,Yes,Platinum,2,12057.57,16,Mobile,25,Google
406,23,Other,Delhi,Furniture,3815.11,7,24.88,Cash,2024-01-25,6,4.1,Yes,None,4,16588.19,54,Desktop,7,Instagram
407,32,Other,Chennai,Grocery,3742.78,9,21.96,Credit Card,2024-03-08,10,3.7,Yes,None,3,17237.44,28,Desktop,106,Facebook
408,60,Female,Bangalore,Furniture,3098.51,7,10.65,Credit Card,2024-03-01,9,4.1,Yes,Gold,3,9540.63,57,Tablet,81,Google
409,54,Female,Kolkata,Electronics,619.06,3,20.95,Debit Card,2024-01-29,10,2.2,Yes,Gold,2,15793.29,5,Tablet,93,Instagram
410,50,Female,Delhi,Electronics,842.69,1,11.86,Credit Card,2024-01-19,4,3.0,No,None,6,18964.16,13,Tablet,94,Facebook
411,25,Other,Kolkata,Furniture,559.41,8,28.59,Credit Card,2024-06-19,8,4.2,No,Gold,2,5865.82,21,Desktop,71,Facebook
412,61,Female,Delhi,Furniture,2928.15,3,29.01,Debit Card,2024-03-14,10,1.9,No,Platinum,8,8260.23,53,Mobile,97,Google
413,61,Female,Mumbai,Electronics,4397.98,8,11.78,UPI,2024-03-01,3,1.9,Yes,Gold,8,18663.84,5,Mobile,71,Friend
414,22,Male,Delhi,Grocery,2225.62,8,25.63,Debit Card,2024-06-01,3,3.2,Yes,Gold,5,7095.5,25,Desktop,24,Advertisement
415,56,Female,Chennai,Sports,888.16,5,23.19,Cash,2024-10-02,8,3.1,Yes,None,10,18320.59,38,Tablet,11,Google
416,21,Female,Bangalore,Sports,2834.41,1,9.3,Debit Card,2024-02-17,5,2.1,Yes,None,7,19630.37,11,Tablet,73,Facebook
417,23,Other,Mumbai,Furniture,4077.59,7,6.96,Cash,2024-07-29,3,2.2,No,Silver,4,13405.31,34,Tablet,12,Facebook
418,62,Other,Delhi,Sports,3734.39,5,13.75,UPI,2024-12-08,10,2.1,Yes,Silver,1,16429.36,13,Desktop,35,Google
419,49,Other,Kolkata,Electronics,4419.11,8,23.44,Debit Card,2024-05-18,11,4.1,No,None,2,15116.14,21,Tablet,63,Friend
420,47,Other,Mumbai,Electronics,1461.72,9,28.81,Debit Card,2024-04-19,1,3.6,Yes,Gold,10,14140.92,50,Tablet,68,Advertisement
421,64,Other,Mumbai,Furniture,1050.37,7,22.91,UPI,2024-07-01,3,4.3,No,Gold,10,6485.16,22,Desktop,100,Instagram
422,52,Other,Delhi,Furniture,4411.1,7,25.66,Cash,2024-01-28,12,4.9,Yes,Silver,4,1613.34,47,Mobile,92,Google
423,57,Female,Mumbai,Furniture,3322.05,1,18.09,Debit Card,2024-07-15,9,2.9,No,Silver,1,7189.51,6,Desktop,57,Advertisement
424,33,Other,Kolkata,Grocery,1623.55,4,25.06,Cash,2024-07-09,5,1.3,Yes,Silver,8,13505.25,39,Desktop,13,Advertisement
425,30,Other,Mumbai,Sports,3737.51,2,23.53,Debit Card,2024-11-10,12,1.2,No,Platinum,9,2499.32,49,Desktop,23,Facebook
426,59,Male,Kolkata,Furniture,4094.08,2,11.31,Credit Card,2024-02-20,10,2.2,Yes,Platinum,4,732.4,24,Desktop,83,Instagram
427,47,Female,Delhi,Clothing,3113.39,2,16.56,Debit Card,2024-05-28,2,4.7,No,Silver,10,3224.0,12,Mobile,106,Google
428,36,Female,Bangalore,Clothing,3470.63,4,24.14,UPI,2024-09-24,7,3.1,No,Gold,3,14456.85,20,Tablet,101,Facebook
429,34,Female,Mumbai,Electronics,1938.77,1,1.38,UPI,2024-02-19,2,2.1,Yes,Silver,2,19469.48,40,Desktop,39,Facebook
430,36,Other,Bangalore,Sports,2739.61,4,24.24,Cash,2024-09-02,4,2.6,No,Platinum,5,19669.76,9,Mobile,88,Friend
431,45,Other,Kolkata,Furniture,2668.38,2,5.34,Debit Card,2024-04-22,12,3.4,Yes,Gold,3,10132.59,52,Tablet,80,Advertisement
432,43,Other,Mumbai,Clothing,4255.43,5,15.44,Cash,2024-06-18,7,3.6,Yes,Platinum,10,17452.37,54,Tablet,97,Google
433,54,Male,Chennai,Sports,4215.82,3,24.25,Cash,2024-06-14,4,1.6,Yes,Gold,7,14868.12,58,Tablet,12,Google
434,43,Other,Bangalore,Electronics,4180.13,8,7.61,Credit Card,2024-01-14,7,4.9,No,Platinum,6,10270.28,8,Desktop,34,Google
435,40,Male,Mumbai,Grocery,154.05,4,7.37,Credit Card,2024-07-21,7,3.2,No,Gold,1,11668.83,14,Desktop,71,Facebook
436,26,Female,Bangalore,Sports,3772.77,1,12.08,UPI,2024-10-14,1,1.5,Yes,Gold,8,3175.93,51,Tablet,75,Friend
437,29,Other,Mumbai,Sports,3817.51,1,26.84,Cash,2024-07-07,6,4.6,Yes,Gold,2,18784.4,1,Tablet,31,Instagram
438,18,Male,Delhi,Grocery,3424.06,3,0.01,UPI,2024-06-03,9,1.3,No,Gold,5,7362.63,24,Tablet,93,Facebook
439,18,Male,Bangalore,Sports,3805.7,9,27.04,Debit Card,2024-02-24,2,4.6,No,None,9,9199.91,12,Tablet,62,Instagram
440,64,Other,Chennai,Electronics,4225.65,7,4.61,Cash,2024-06-30,14,5.0,No,Platinum,8,13597.37,33,Tablet,13,Friend
441,51,Female,Chennai,Electronics,2404.56,2,29.7,Cash,2024-07-28,3,3.8,Yes,Platinum,2,7011.1,50,Tablet,31,Advertisement
442,49,Female,Kolkata,Grocery,2560.05,9,28.65,Debit Card,2024-03-15,10,4.1,Yes,None,9,5458.05,57,Mobile,2,Google
443,42,Female,Mumbai,Furniture,711.1,2,14.84,Debit Card,2024-10-03,5,2.3,Yes,Gold,5,12805.46,33,Tablet,103,Instagram
444,57,Male,Bangalore,Clothing,1988.34,3,15.38,UPI,2024-05-12,9,4.8,Yes,Gold,10,987.19,34,Desktop,15,Facebook
445,62,Male,Kolkata,Furniture,3252.49,2,14.45,UPI,2024-12-08,4,3.1,Yes,Platinum,6,14554.14,37,Desktop,57,Instagram
446,18,Male,Bangalore,Sports,3923.96,3,19.06,Debit Card,2024-02-28,1,3.9,No,None,3,10523.46,2,Desktop,75,Advertisement
447,33,Male,Mumbai,Clothing,1164.32,6,2.72,UPI,2024-12-10,4,4.7,Yes,Gold,3,12312.2,41,Tablet,34,Google
448,56,Female,Chennai,Grocery,775.33,9,0.98,Debit Card,2024-06-30,6,4.9,No,Gold,10,12821.66,55,Desktop,103,Instagram
449,22,Other,Delhi,Grocery,3348.91,9,1.73,Cash,2024-12-04,5,4.3,No,Gold,8,10777.48,58,Mobile,68,Advertisement
450,39,Male,Chennai,Clothing,109.21,7,13.33,Cash,2024-11-16,14,2.2,Yes,Silver,10,11859.41,5,Tablet,75,Facebook
451,46,Male,Kolkata,Electronics,974.03,3,8.27,Credit Card,2024-03-04,13,4.9,No,None,10,13833.87,54,Desktop,29,Friend
452,20,Female,Delhi,Clothing,242.45,4,18.66,Cash,2024-11-22,1,3.5,Yes,Gold,2,15185.82,47,Mobile,66,Facebook
453,29,Other,Kolkata,Sports,917.74,6,29.77,Debit Card,2024-09-16,4,4.7,No,Silver,2,14685.32,48,Mobile,16,Google
454,43,Other,Mumbai,Electronics,988.46,5,11.59,UPI,2024-07-11,6,3.7,Yes,None,5,17457.52,18,Desktop,39,Facebook
455,33,Female,Delhi,Grocery,1999.6,2,17.22,Credit Card,2024-05-22,13,2.2,Yes,Gold,6,4194.15,2,Mobile,77,Facebook
456,54,Female,Kolkata,Clothing,2071.4,6,12.47,UPI,2024-04-13,10,2.5,No,Platinum,2,8322.39,17,Desktop,37,Facebook
457,39,Other,Mumbai,Furniture,4383.89,3,25.42,Debit Card,2024-08-01,10,3.2,Yes,Silver,5,18982.02,38,Mobile,81,Facebook
458,46,Male,Chennai,Furniture,2599.54,8,27.07,Cash,2024-08-29,14,4.2,No,Silver,7,8233.52,8,Tablet,21,Google
459,31,Other,Mumbai,Sports,3644.68,2,26.32,Credit Card,2024-07-27,4,2.3,Yes,Gold,10,2934.97,51,Tablet,44,Advertisement
460,45,Female,Bangalore,Furniture,610.27,1,29.23,Debit Card,2024-04-02,14,3.3,Yes,Gold,10,10746.18,11,Tablet,19,Instagram
461,22,Male,Mumbai,Clothing,1204.65,9,0.83,Credit Card,2024-05-21,9,2.4,Yes,Silver,8,2635.07,4,Tablet,71,Friend
462,64,Male,Mumbai,Clothing,3544.42,3,25.19,Credit Card,2024-04-21,5,4.3,No,Platinum,7,4455.64,2,Tablet,102,Instagram
463,47,Female,Bangalore,Furniture,358.74,1,22.55,Cash,2024-02-28,8,2.9,No,Platinum,8,19967.22,10,Desktop,8,Instagram
464,63,Female,Kolkata,Clothing,2484.33,7,6.86,Debit Card,2024-02-12,9,1.3,Yes,None,9,11056.57,56,Tablet,77,Friend
465,22,Female,Kolkata,Sports,3036.91,5,28.69,UPI,2024-07-25,10,1.7,No,Gold,5,6039.14,29,Tablet,101,Google
466,29,Other,Mumbai,Electronics,3050.51,5,4.45,Credit Card,2024-09-24,5,1.2,Yes,Platinum,5,19898.11,3,Tablet,66,Friend
467,33,Other,Bangalore,Sports,212.37,1,20.39,Credit Card,2024-10-22,6,3.0,No,None,10,19347.9,4,Tablet,41,Google
468,43,Male,Bangalore,Sports,1678.33,9,6.75,UPI,2024-04-27,1,1.4,No,Platinum,4,9094.41,0,Mobile,75,Instagram
469,43,Female,Chennai,Clothing,3218.8,7,12.94,Debit Card,2024-01-20,11,1.5,Yes,Gold,9,5577.86,26,Tablet,88,Google
470,38,Male,Kolkata,Electronics,830.1,8,21.57,Credit Card,2024-08-09,12,4.8,Yes,None,5,16848.79,27,Tablet,70,Advertisement
471,56,Male,Delhi,Clothing,3507.54,9,16.9,Credit Card,2024-06-14,7,4.5,Yes,None,2,14454.6,28,Desktop,61,Friend
472,53,Male,Kolkata,Grocery,3755.03,6,12.83,Credit Card,2024-05-10,4,2.8,Yes,None,10,13895.36,17,Mobile,26,Advertisement
473,50,Male,Kolkata,Clothing,4911.65,5,9.79,Debit Card,2024-06-04,11,4.9,Yes,Platinum,8,17915.72,11,Desktop,71,Instagram
474,47,Female,Chennai,Clothing,1128.23,6,25.19,Debit Card,2024-07-02,2,1.0,No,Gold,7,13943.63,12,Tablet,103,Friend
475,54,Male,Delhi,Clothing,4143.14,2,4.31,UPI,2024-03-30,5,3.5,No,None,8,6034.06,40,Desktop,83,Instagram
476,40,Female,Chennai,Electronics,2649.45,4,12.9,Debit Card,2024-04-03,12,3.5,Yes,Silver,3,14030.33,1,Desktop,70,Advertisement
477,27,Female,Delhi,Clothing,1929.97,3,27.11,Debit Card,2024-01-13,3,2.8,Yes,Gold,4,6463.36,36,Tablet,107,Instagram
478,22,Other,Mumbai,Electronics,699.65,7,25.38,Cash,2024-11-17,6,2.6,Yes,Silver,5,15305.16,44,Mobile,29,Friend
479,53,Female,Delhi,Furniture,3703.98,9,12.03,UPI,2024-10-19,8,2.8,No,Silver,6,12585.08,15,Mobile,107,Friend
480,51,Other,Chennai,Grocery,1255.7,5,22.89,Credit Card,2024-08-17,7,2.7,Yes,None,1,2009.53,47,Desktop,103,Instagram
481,48,Female,Kolkata,Electronics,1919.97,6,24.69,Debit Card,2024-11-17,3,3.9,Yes,None,4,10500.29,23,Tablet,66,Friend
482,27,Female,Delhi,Furniture,406.46,2,26.67,Credit Card,2024-10-18,8,1.5,No,Platinum,10,7194.37,34,Desktop,19,Friend
483,36,Female,Delhi,Electronics,4026.7,3,16.34,Credit Card,2024-01-26,2,1.8,No,Platinum,5,6907.13,21,Desktop,68,Instagram
484,49,Other,Bangalore,Electronics,3856.28,3,6.13,Cash,2024-03-15,10,1.7,No,Platinum,7,12244.0,35,Desktop,58,Advertisement
485,18,Other,Kolkata,Grocery,3694.72,9,7.66,Debit Card,2024-12-29,9,2.0,No,Gold,5,6785.33,10,Tablet,70,Friend
486,22,Male,Mumbai,Sports,1567.27,7,8.87,UPI,2024-10-25,4,3.1,Yes,Platinum,1,15649.43,54,Tablet,113,Friend
487,62,Other,Chennai,Sports,950.05,8,17.81,Debit Card,2024-05-29,1,1.4,No,Silver,7,1880.43,57,Mobile,57,Friend
488,21,Other,Mumbai,Electronics,3224.01,9,0.98,Credit Card,2024-05-27,8,4.5,No,Platinum,8,13377.57,45,Tablet,37,Friend
489,33,Other,Kolkata,Clothing,2531.22,6,19.08,UPI,2024-01-08,7,2.2,Yes,None,7,16279.3,28,Desktop,61,Instagram
490,41,Other,Delhi,Furniture,973.44,4,10.93,Debit Card,2024-01-29,11,1.7,Yes,Platinum,4,13620.22,34,Desktop,92,Advertisement
491,33,Male,Delhi,Clothing,3460.97,1,8.86,Credit Card,2024-10-22,13,3.7,Yes,Gold,8,10195.97,47,Mobile,30,Advertisement
492,19,Other,Kolkata,Clothing,4956.52,8,26.38,Credit Card,2024-07-27,5,1.2,No,Gold,5,19030.99,53,Tablet,71,Google
493,45,Female,Delhi,Electronics,3761.38,7,13.8,Cash,2024-05-07,10,3.5,Yes,Silver,10,6348.8,14,Desktop,73,Friend
494,49,Female,Delhi,Electronics,3725.93,2,2.85,Cash,2024-12-05,13,3.8,No,Gold,9,873.77,59,Mobile,25,Friend
495,44,Other,Delhi,Electronics,4756.53,8,24.8,Cash,2024-04-25,5,1.9,No,Platinum,10,8923.79,30,Mobile,97,Google
496,37,Other,Chennai,Electronics,1094.39,5,1.43,Credit Card,2024-05-23,7,1.2,No,None,5,1143.73,41,Desktop,65,Advertisement
497,41,Female,Chennai,Sports,2871.19,7,21.8,Debit Card,2024-11-13,5,2.5,Yes,Gold,1,19101.77,40,Desktop,115,Facebook
498,29,Female,Bangalore,Electronics,4900.27,4,23.22,Cash,2024-08-22,8,1.4,No,Silver,9,4593.4,42,Tablet,6,Facebook
499,52,Male,Mumbai,Sports,909.94,5,10.58,Debit Card,2024-01-07,11,1.5,Yes,Platinum,5,15884.08,15,Mobile,18,Advertisement
500,50,Female,Kolkata,Sports,3531.23,8,24.74,Cash,2024-02-14,13,2.0,Yes,Silver,6,15604.16,9,Desktop,10,Friend
